{"version":"0.24","interactions":{"4f27aeab-51a8-4337-9d8f-75bbdd799bd2":[{"properties":{"transition":"dissolve","duration":0.3,"easing":"ease-out","preserveScrollPosition":false,"destination":"1c060586-9ca1-43f6-80a2-b86876473af8","voiceLocale":"es-es"},"triggerEvent":"tap","action":"artboard-transition","id":"b1172182-da55-41b9-accc-fe8d1efcbeb5"}],"761db11d-e569-4588-9090-70c08da4cad3":[{"properties":{"transition":"dissolve","duration":0.3,"easing":"ease-out","preserveScrollPosition":false,"destination":"ee755110-cfc9-472d-a9aa-70cb49aa0f90","voiceLocale":"es-es"},"triggerEvent":"tap","action":"artboard-transition","id":"f3f27f9c-2cd2-43c6-ab6f-1700505b2f4a"}],"939928cd-1a68-4961-a2b6-64e3ed2b66da":[{"properties":{"transition":"dissolve","duration":0.3,"easing":"ease-out","preserveScrollPosition":false,"destination":"c6981434-0872-44b3-9901-0572a94cf084","voiceLocale":"es-es"},"triggerEvent":"tap","action":"artboard-transition","id":"163f89fd-c77f-4629-bca6-1e2a7c8d8829"}],"66b0381e-e82e-44c8-b654-b2d7900e8f07":[{"properties":{"transition":"dissolve","duration":0.3,"easing":"ease-out","preserveScrollPosition":false,"destination":"c6981434-0872-44b3-9901-0572a94cf084","voiceLocale":"es-es"},"triggerEvent":"tap","action":"artboard-transition","id":"811e3c9a-ee60-4e21-80bb-f7244f8d42ce"}],"3fa5e223-305e-4686-a1e4-4bc8c939fdf3":[{"properties":{"transition":"dissolve","duration":0.3,"easing":"ease-out","preserveScrollPosition":false,"destination":"c6981434-0872-44b3-9901-0572a94cf084","voiceLocale":"es-es"},"triggerEvent":"tap","action":"artboard-transition","id":"b4635ca9-06ef-4245-9c00-9321156c2a08"}],"8d9e5d45-c969-4d43-a20a-c332a2673bf8":[{"properties":{"transition":"dissolve","duration":0.3,"easing":"ease-out","preserveScrollPosition":false,"destination":"c6981434-0872-44b3-9901-0572a94cf084","voiceLocale":"es-es"},"triggerEvent":"tap","action":"artboard-transition","id":"1c548b27-8c8e-4003-b0b5-8a2c87cf26b5"}],"f07b5870-3ce4-4877-8312-3178f808ba08":[{"properties":{"transition":"dissolve","duration":0.3,"easing":"ease-out","preserveScrollPosition":false,"destination":"c6981434-0872-44b3-9901-0572a94cf084","voiceLocale":"es-es"},"triggerEvent":"tap","action":"artboard-transition","id":"b7927b26-5ca8-4bdd-b323-0eee54fcab4f"}],"fa208af6-1b80-4b2b-92c8-c4f2e0c53e5c":[{"properties":{"transition":"dissolve","duration":0.3,"easing":"ease-out","preserveScrollPosition":false,"destination":"c6981434-0872-44b3-9901-0572a94cf084","voiceLocale":"es-es"},"triggerEvent":"tap","action":"artboard-transition","id":"50ecc77a-a403-4917-8b9b-d7f53625ff3f"}],"434023b2-63d2-4033-ada4-a5f2aac80b18":[{"properties":{"transition":"dissolve","duration":0.3,"easing":"ease-out","preserveScrollPosition":false,"destination":"c6981434-0872-44b3-9901-0572a94cf084","voiceLocale":"es-es"},"triggerEvent":"tap","action":"artboard-transition","id":"53a1be65-bdb3-4d36-8bba-37a39713cff4"}],"a374f694-b76c-4cbc-a7e5-6a3938ccbb08":[{"properties":{"transition":"dissolve","duration":0.3,"easing":"ease-out","preserveScrollPosition":false,"destination":"c6981434-0872-44b3-9901-0572a94cf084","voiceLocale":"es-es"},"triggerEvent":"tap","action":"artboard-transition","id":"0d001361-7ced-4c94-9ca1-c2f3a92b57ec"}],"1f9770cc-bdc4-41aa-a3a4-96681dbcda40":[{"properties":{"transition":"dissolve","duration":0.3,"easing":"ease-out","preserveScrollPosition":false,"destination":"389ca324-4449-4b42-a26a-79c7f60e31de","voiceLocale":"es-es"},"triggerEvent":"tap","action":"artboard-transition","id":"92a9d631-28aa-41d1-967b-b433d17458e8"}],"9c699eed-acb3-43a1-ac00-16fd4949628b":[{"properties":{"transition":"dissolve","duration":0.3,"easing":"ease-out","preserveScrollPosition":false,"destination":"6af5238e-db70-49f6-b146-e565cbe7bcdd","voiceLocale":"es-es"},"triggerEvent":"tap","action":"artboard-transition","id":"4dcb18de-3eca-45f6-948b-eef9350394b2"}]}}